{
    "0": {
        "noisy": {
            "min": 0.01392070297151804,
            "max": 27831.794921875
        }
    }
}