{
    "0": {
        "noisy": {
            "min": 0.08095991611480713,
            "max": 28760.30078125
        }
    }
}