{
    "0": {
        "noisy": {
            "min": 0.01261772308498621,
            "max": 27818.150390625
        }
    }
}