{
    "0": {
        "noisy": {
            "min": 0.049662426114082336,
            "max": 28905.76953125
        }
    }
}